year,gini,tech_employees,tech_market_cap,tech_market_share,fdi_in,fdi_out,inflation,unemployment,educational_attainment,union_rate,cap_gains,exports,imports,real_mw,p1,p50,immigrants
1980,34.7,3036217.0,825.9554400000001,6.28877089052913,0.585866341978653,0.666361717519328,13.5492019749684,7.1,68.6,23.0,28.0,9.82645547,10.28338922,11.0,0.1042,0.1933,524295
1981,35.5,2786940.0,931.813100625,6.419411869990159,0.800738125892372,0.315243864983329,10.3347153402771,7.6,69.7,23.0,28.0,9.517776667,9.908136503,11.0,0.1067,0.1895,595014
1982,36.7,3156850.0,983.389829,7.249541569971714,0.634908482562745,0.232490746276156,6.13142700027493,9.7,71.0,21.4,20.0,8.469732989,9.067079292,10.8,0.1099,0.1842,533624
1983,37.3,2326238.0,1451.856414875,7.404240269641174,0.316452387124185,0.241329342180792,3.21243523316065,9.6,72.1,20.1,20.0,7.622264819,9.043328661,10.2,0.115,0.1759,550052
1984,37.3,3495293.0,1241.947016375,6.243585197366937,0.624874152128993,0.317514333344974,4.30053547523429,7.5,73.3,18.8,20.0,7.489078324,10.0333291,9.8,0.1215,0.1725,541811
1985,37.6,3404488.0,1484.6204506875,6.2868354239152575,0.221941613453303,0.0848125791804939,3.54564415209365,7.2,73.9,18.0,20.0,6.98807254,9.615833587,9.4,0.1227,0.1711,568149
1986,37.6,3921328.0,1793.68735909375,6.017440105030816,0.675731298001957,0.426322557428754,1.89804772234276,7.0,74.7,17.5,20.0,7.009254676,9.888722476,9.1,0.1198,0.1691,600027
1987,37.2,3936009.0,2427.80438940625,6.958877604532304,1.30241400226355,0.819675338785203,3.6645632175169,6.2,75.6,17.0,28.0,7.495919336,10.47766165,8.9,0.1324,0.1667,599889
1988,37.7,3641476.0,2338.19435353125,7.252734548013969,1.08680748249096,0.414422934063193,4.07774110744413,5.5,76.2,16.8,28.0,8.49052352,10.57957719,8.6,0.1521,0.1619,641346
1989,38.2,3708675.0,3211.77823640625,8.624206908682115,1.34324072334346,0.903647559726176,4.82700303008944,5.3,76.9,16.4,28.0,8.938790197,10.47632046,8.3,0.1469,0.163,1090172
1990,38.3,3516827.0,3465.151854125,9.434748561817308,1.19450410722934,1.00517445159802,5.39795643990325,5.6,77.6,16.0,28.0,9.254732068,10.56033529,7.9,0.1471,0.1617,1535872
1991,38.0,3408765.0,3935.0224058125,9.184961249245855,0.56104703230478,0.800080673854023,4.23496396453849,6.8,78.4,16.0,28.93,9.660905122,10.125543,8.3,0.1365,0.1603,1826595
1992,38.4,3229028.0,4957.92795334667,9.985214623328547,0.464853986617542,0.901335163098415,3.02881967814969,7.5,79.4,15.7,28.93,9.708914906,10.2416796,8.2,0.1468,0.1532,973445
1993,40.4,3422856.0,6420.32197672246,11.126377520186011,0.732369583756588,1.20725067758402,2.95165696638559,6.9,80.2,15.7,29.19,9.547180392,10.49743831,8.9,0.1415,0.1544,903916
1994,40.0,3872120.0,7516.61744394729,12.211878442484082,0.767643589421284,1.23489893836291,2.60744159215453,6.119,80.9,15.5,29.19,9.893147416,11.16231175,9.2,0.1402,0.1549,803993
1995,39.9,4501812.0,9718.98735423986,13.315141074615426,0.904218188320061,1.44062324560663,2.80541968853662,5.65,81.7,14.9,29.19,10.63922388,11.81415777,9.0,0.1452,0.1508,720177
1996,40.3,4738321.0,12169.19678764397,13.150817864546454,1.20969310261879,1.2760862526294,2.93120419993441,5.451,81.7,14.5,29.19,10.74663556,11.94043643,8.8,0.1525,0.1482,915560
1997,40.5,5201978.0,16017.17228955828,13.46163951615231,1.42406557267981,1.41508865502968,2.33768993730735,5.0,82.1,14.1,29.19,11.11975453,12.30856657,8.5,0.16,0.146,797847
1998,40.0,6043374.0,23335.07760214008,15.934450016343824,2.32984922894518,1.92831849988377,1.55227909874364,4.511,82.8,13.9,21.19,10.51526113,12.31062982,8.9,0.1632,0.1464,653206
1999,40.0,9461671.0,43669.44149360994,24.20642221056709,3.24414224201686,2.56962429953542,2.18802719697358,4.219,83.4,13.9,21.19,10.30933456,13.00422915,8.9,0.1676,0.1451,644787
2000,40.1,14330751.0,59490.07010572027,28.15184929973862,3.40578256861876,1.81807575313563,3.37685727149929,3.992,84.1,13.5,21.19,10.69277691,14.41021845,8.6,0.1734,0.1444,841002
2001,40.6,15127162.0,37377.09356088629,21.4425771729223,1.63009964802286,1.38009798892094,2.82617111885407,4.731,84.1,13.5,21.17,9.703447499,13.26373384,8.4,0.1659,0.1467,1058902
2002,40.4,15398975.0,26132.9262089121,17.405256715691483,1.01613919132561,1.63769009193116,1.58603162650601,5.783,84.1,13.3,21.16,9.131381514,13.1549926,8.2,0.161,0.1476,1059356
2003,40.8,15574727.0,26573.9811099115,17.358630897403767,1.02218472001084,1.70400198684163,2.27009497336115,5.989,84.6,12.9,21.05,9.035658683,13.59165432,8.9,0.1632,0.1446,703542
2004,40.3,16464097.0,31526.147867713178,16.859254752627965,1.74869134454691,3.06129234381941,2.67723669309172,5.529,85.2,12.5,16.05,9.628750081,14.81931218,8.4,0.1706,0.1416,957883
2005,41.0,16687285.0,30685.985696192,14.88718610656071,1.09166213272067,0.403329983855397,3.3927468454955,5.084,85.2,12.5,16.05,9.982054732,15.6564983,7.7,0.1806,0.1372,1122257
2006,41.4,17887306.0,32923.4707334405,14.335550628528654,2.16033528740671,2.05420877931708,3.22594410070404,4.623,85.5,12.0,15.7,10.64138647,16.33389163,7.5,0.1852,0.1349,1266129
2007,40.8,18897739.0,40147.3864767511,15.611994931408645,2.39469093772646,3.61946792349253,2.85267248150138,4.622,85.7,12.1,15.7,11.46379016,16.54822752,7.7,0.1838,0.1371,1052415
2008,40.8,19446862.0,31558.37393375821,15.049357359311536,2.30937902080946,2.32624445049071,3.839100296651,5.784,86.6,12.4,15.35,12.42584736,17.44194843,8.4,0.1793,0.1369,1107126
2009,40.6,20316362.0,26462.63240887833,16.03292166436743,1.11260034220261,2.15910759776953,-0.355546266299747,9.254,86.7,12.3,15.35,10.93222062,13.82731055,9.4,0.167,0.1364,1130818
